V1,V2,V3,V4,V5,V6,V7,V8,V9,V10,V11,V12,V13,V14,V15,V16,V17,V18,V19,V20,V21,V22,V23,V24,V25,V26,V27,V28,V29,V30,V31,V32,V33,V34,V35,V36,V37,V38,V39,V40,V41,V42,V43,V44,V45,V46,V47,V48,V49,V50,V51,V52,V53,V54,V55,V56,V57,V58,V59,V60,V61,V62,V63,V64,V65,V66,V67,V68,V69,V70,V71,V72,V73,V74,V75,V76,V77,V78,V79,V80,V81,V82,V83,V84,V85,V86,V87,V88,V89,V90,V91,V92,V93,V94,V95,V96,V97,V98,V99,V100,V101
0.062418942,0.570427109,0.366529402,0.000624547,0,0.351704113,0.048892298,0.001586612,0,0,5.02E-01,0.183828945,0.015738851,0,0,0.001720381,0.447492573,0.524323492,0.026463554,0,0.082595851,0.661998938,0.255402157,3.05E-06,0,1.09E-01,0.53855099,0.351901495,0,0,0,0.131175908,0.619440511,0.248449297,0.000934284,0.17167501,0.634877086,0.192432255,0,0,0,0.228585678,0.685834249,0.085578649,1.42E-06,0,0,0,0,0,8.06E-05,0.33373866,0.610562847,0.055617926,0,0.040162741,0.70397313,0.252723888,0.003140242,0,0,0.171984975,0.56122706,0.254187568,0.012600397,3.28E-02,0.542054839,0.424170894,0.000940085,0,0.034400203,0.491594283,0.473564772,0.000440742,0,0.058721691,0.540292687,0.400924453,0,0,0.009192521,0.395416404,0.565284772,0.030106303,0,0.053840816,0.611257236,0.33488794,1.40E-05,0,1.78E-05,0.270389721,0.656204086,0.073388411,0,1.06E-05,0.228284347,0.652968871,0.118736133,0,1
0,0.013742422,0.217157309,0.548025334,2.21E-01,0,1.39E-01,0.659027046,0.201955159,0.000115969,0,1.13E-01,0.652324576,0.234487785,6.63E-05,0.032568038,0.599306865,0.366424677,0.001700419,0,0,0.163227242,0.562863819,0.259080437,0.014828502,0,0,0,0,1,0,0.015882344,0.25273823,0.561670217,0.16970921,0.017169458,0.543057386,0.433518734,0.006254422,0,0,0.121017479,0.626970508,0.243996484,0.008015529,0,0.215029544,0.649106919,0.135725262,0.000138275,0.004345077,0.44197034,0.536303373,0.01738121,0,0.050458828,0.712031979,0.235296715,0.002212478,0,0.124763843,0.668506642,0.206725575,0,0,0.033086457,0.542612799,0.423386481,0.000914263,0,0,0.054485528,0.484146575,0.424551916,0.036815981,0.034073699,0.503591055,0.462332563,2.68E-06,0,0,0.046939078,0.416098417,0.484244478,0.052718027,0.1480022,0.63137612,0.219146993,0,0,0,0.004808282,0.123497633,0.480540419,0.391153666,0,0.038454244,0.382603748,0.498570284,0.080371723,1
0,0.203484025,0.635785566,0.160705476,2.49E-05,0.123469339,0.565297977,0.310619982,0,0,0.189370353,0.553587125,0.252642185,0,0,0.016362521,0.556178183,0.421821442,0.005637855,0,0.073370281,0.658770467,0.2678356,2.37E-05,0,0,0.0517216,0.510737284,0.423894741,0.013646374,0.072607138,0.554708687,0.372602297,8.19E-05,0,0.124591615,0.643120181,0.2322121,0,0,0.037505828,0.52594423,0.436549927,0,0,0.196174031,0.597655405,0.202141873,0,0,0.000525166,0.367153287,0.591832158,0.040489389,0,0.334516277,0.595171092,0.066498713,0,0,0.027920454,0.6128228,0.356044571,0.003212175,0,0,0.161898657,0.625189015,0.209776454,0.003135875,0.005696619,0.356622784,0.617377002,0.020303595,0,0.0227504,0.473673023,0.503242853,0.000333724,0,0,0.101455676,0.560176685,0.331305416,0.007062223,0.004901479,0.470799918,0.512228157,0.012070445,0,0.002895582,0.379251764,0.595410422,0.022442232,0,0.228442309,0.579208312,0.18721031,0.00E+00,0,-1
3.69E-05,0.251336836,0.636660801,0.111965421,0,0,0.000436998,0.031647939,3.30E-01,0.637424792,0,3.69E-05,0.00691327,0.178470419,0.81457937,0.002947461,0.467665133,0.508154077,0.021233329,0,0.007426527,0.537686735,0.444677269,1.02E-02,0,0.000731051,0.199514922,0.696208353,1.04E-01,0,0.024874714,0.463432502,0.50410542,0.007587364,0,0,0.123559796,0.542828527,0.312874955,0.020736722,0.00676428,0.411361403,0.575670247,0.006204071,0,0.000153234,0.299242025,0.635344659,0.065260082,0,0,0.037838658,0.352255264,0.487301494,0.122604583,0,0.204715748,0.523769276,0.254320481,0.017194496,0.00E+00,0.372490448,0.561998335,0.065510836,3.81E-07,0.006475954,0.431764326,0.546862551,0.014897169,0,0,0.06949973,0.533470721,0.375942757,0.021086792,0.006812077,0.390770394,0.594802285,0.007615244,0,9.32E-05,0.232067707,0.643517261,0.124321812,0,0,0.159070089,0.596175457,0.235296618,0.009457836,0.035567473,0.537427145,0.426749946,0.000255436,0,0.193004468,0.590145257,0.214429743,0,0,1
0.004816882,0.382057918,0.575852314,0.037272886,0,0.023425971,0.443703693,0.528996089,0.003874247,0,0.010657908,0.349283295,0.622232516,0.017826281,0,0.001618052,0.445407302,0.525928572,0.027046074,0,0.333963942,0.552948793,0.091797201,0,0,0.000422964,0.184456424,0.695843747,0.119276865,0,0.127226427,0.583051511,0.289603699,0,0,0.133187889,0.642550367,0.224107315,0,0,6.58E-09,0.238043413,0.684705641,0.077250939,0,0,0.171486362,0.633228845,0.193530582,0.00175421,3.38E-04,0.357229127,0.597823959,0.044608957,0,0.312102342,0.613001005,0.07264909,0,0,0.208488773,0.641405405,0.148434135,0,0,0.242971836,0.580443183,0.167040896,0,0,0.041628671,0.50719823,0.451066175,1.07E-04,0,0.108116163,0.570254253,0.320347972,0,0,0,0.030748396,0.34127971,0.532425847,0.095546047,0,0.141940531,0.580273488,0.263812307,0.013973675,0.010197191,0.448621851,0.533780549,0.00740041,0,0.20253083,0.587681126,0.206757126,0,0,1
0,0.005667278,0.131185363,0.511647257,0.351500102,0,0.106947471,0.620563705,0.270384286,0.002104537,0.000838095,0.215046708,0.694271336,0.089843861,0,0,0.04714688,0.365891946,0.472432662,0.114528512,0.04511124,0.637998393,0.3163497,0.000540667,0,0.075874114,0.515262792,0.408856416,0,0,0.271333341,0.554015851,0.165208536,0,0,0.273145091,0.587421899,0.130098888,0,0,0,0.026730193,0.338119387,0.497369648,0.137780772,0,0.197223039,0.64494888,0.157341672,0.000486409,0.001648809,0.4011821,0.568772264,0.028396827,0,0.296142982,0.625129344,0.077289894,0,0,0,0.324820268,0.580661515,0.094381265,0.000136952,0,0.073716533,0.492325468,0.393503617,0.040454382,0.022247059,0.455377084,0.51991006,0.002465796,0,0.327886352,0.503361485,0.128588905,0,0,0.270963518,0.562608285,0.15965125,0,0,0.013668613,0.527187946,0.454971934,0.004171506,0,0.01421961,0.470975102,0.510308963,0.004496326,0,0.01224432,0.430950022,0.541415492,0.015390165,0,-1
0.357312707,0.513024773,0.106297992,0,0,0,0.160107811,0.673589192,0.166302979,1.82E-08,0,0.062055633,0.542293305,0.385780394,0.009870667,0,0.12601115,0.538099061,0.312454563,0.023435227,0,0.354377056,0.57673062,0.068879748,1.26E-05,0.00515671,0.287644762,0.666207847,0.040990682,0,0.025699185,0.466290749,0.500865369,0.007144697,0,0,0.08373591,0.475101096,0.39335155,0.047811443,0,0.225626198,0.686024505,8.83E-02,3.75E-06,0,0.158562203,0.624427886,0.21406879,2.94E-03,0,0.164152452,0.607555182,0.222529224,0.005763142,0,0.079269833,0.391287247,0.432580766,0.096862155,0.00E+00,0.108409969,0.493042635,0.358509925,0.040037472,0,0.242627271,0.649369236,0.107991112,1.24E-05,0,0.088486484,0.581216929,0.320275382,0.010021206,0,0.211363949,0.694809369,0.093826682,8.09E-12,0.189515443,0.591311814,0.218163608,0,0,0,0.078374335,0.477069643,0.390884393,0.053671629,0.003519594,0.388392047,0.58822359,0.019864769,0,0,0.024325181,0.305549141,0.53588486,0.134240818,1
0.430961034,0.445302188,0.072465166,0,0,0.117220629,0.563614289,0.318707472,0,0,0.123398328,0.548501229,0.327409577,0,0,0,0.082355829,0.464592004,0.397952354,0.055099813,0,0.318590298,0.589556895,0.091664605,0.000188202,0.139538197,0.548392372,0.310931133,0,0,0.255111651,0.561428286,0.17611646,0,0,0,0.071900958,0.447395484,0.419308709,0.061394849,0.145501877,0.584795638,0.266027805,0,0,0.274883533,0.5626591,0.148377553,0,0,0,0.14040573,0.586392835,0.262416,0.010785435,0,0.062269026,0.353123719,0.458811467,0.125795788,0,0.228248887,0.586073434,0.181823676,0.003854003,0,0.000273959,0.020082766,0.254820888,0.724822386,0,0.073785667,0.545506266,0.362786962,0.017921104,0,0.133684196,0.656581472,0.206884002,0.00285033,0.000963698,0.283415025,0.631655573,0.083965704,0,0.00E+00,0.124947126,0.560339536,0.294488612,0.020224727,0.106380319,0.596762861,0.296419252,0.00E+00,0,0.071759313,0.570285762,0.357918175,3.68E-05,0,-1
0.249301726,0.579454938,0.166234387,0,0,2.08E-01,0.563098167,0.223494346,0,0,0.138812283,0.552262268,0.307697766,0,0,0.525655057,0.233202495,0.015428705,0,0.00E+00,0.468207984,0.110024621,0.003907489,0,0,0.446123886,0.391509119,0.073494505,0,0,0.063080854,0.54411785,0.3925036,0.000297697,0,0.27298089,0.58752396,0.130183863,0,0,0.33479693,0.501812898,0.119968159,0,0,0.259592505,0.571075672,0.157837224,0,0,5.07E-01,0.184305239,0.011559288,0,0,0.577862091,0.226826904,0.008713625,0,0,0,0.086317447,0.45394918,0.40031086,0.059422513,0,0.150648045,0.616133653,0.22859254,0.004625762,3.92E-01,0.454992797,0.095342936,0,0,0,0.127817508,0.649861436,0.218631105,0.00368995,0.504601704,0.343054036,0.042322801,0,0,0.100108828,6.33E-01,0.266727873,0,0,0.109562651,0.597454179,0.292470391,0,0,0.285519379,0.552442976,0.149493884,0,0,-1
0.006479534,0.399304608,0.56299139,0.031224468,0,0,0.070114089,0.541162324,0.374443787,0.0142798,0,0.082638217,0.598849166,0.316007429,0.002505187,0.003648414,0.476638173,0.500583128,0.019130284,0,0.511319724,0.168657464,0.008100506,0,0.00E+00,0,0.04331927,0.474609939,0.459492925,0.022577867,0,0.17609169,0.651159771,0.172748435,1.04E-07,0.001068216,0.411689446,0.551671479,0.035570859,0,0,0.047627058,0.444944947,0.436556092,0.070871903,0,0.210101092,0.648252157,0.14144125,0.000205501,0.227013049,0.599038013,0.167050691,0,0,0.346111225,0.585573367,0.06346561,0,0,0,0.079107819,0.43872022,0.414404536,0.067767425,0.201978024,0.597267633,0.195918366,0,0,0.383623718,0.462590323,0.099762028,0,0,0,0,0,0,1,0.383277048,0.488526157,0.098396017,0,0,0.220595205,0.606803137,0.16539335,0,0,0,0.061076616,0.470319689,0.416652376,0.051951319,0.001263468,0.309742546,0.629106946,0.059887041,0,-1
0,0.19431034,0.633346706,0.172257611,8.53E-05,3.42E-05,0.18946953,0.682868473,0.127627797,0,0,0.10919369,0.64703068,0.243637441,0.000138188,0,0.045383203,0.359455222,0.475975662,0.119185912,0,0.279501002,0.596981434,0.122589122,0.000928442,0.496436534,0.302902373,0.041649463,0,0,0.374514536,0.053160915,0.001670874,0,0.00E+00,0,0.117687719,0.53483947,0.323978208,0.023494603,0,0.037190819,0.397230346,0.468102219,0.097476616,0.001210137,0.349004784,0.609286552,0.040498527,0,0,0.150704211,0.596497261,0.244514105,0.008284423,0,0.07726826,0.387208274,0.435727812,0.099795654,0.294157474,0.589914189,0.106549232,0,0,0.001143621,0.354704522,0.606013731,0.038138126,0,0,0.034188897,0.393007744,0.494023865,0.078779493,0.101820987,0.56820457,0.328952947,0,0,0,0.00652023,0.147361228,0.536798507,0.309320035,0,0.045466357,0.377466116,0.466070859,0.110996668,0.464686781,0.368375577,0.050203783,0,0,0.066462097,0.565165862,0.368278097,9.39E-05,0,1
0,0.043071925,0.388900753,0.493172109,0.074855212,0.001714767,2.75E-01,0.666527108,0.056778749,0,0.012437277,0.361567708,0.611471464,0.01452355,0,0,0.227741587,0.605491286,0.16454503,0.002222098,0.283329856,0.591823205,0.113624504,0,0,0,0.034908667,0.431543271,0.496807966,0.036740096,0,0.049836012,0.443221626,0.465326185,0.041616176,0.322876816,0.553019223,0.105967416,0,0,0,0.06569723,0.509722515,0.382620495,4.20E-02,2.41E-11,0.252401625,0.648989164,0.098609211,0,0.409566595,0.459945059,0.072411029,0,0,0.395165514,0.541907968,0.051554482,0,0,0,0.37458234,0.560983024,0.064434479,1.57E-07,0.439633288,0.4172054,0.062655482,0,0,0.010022592,0.393771833,0.585092109,0.011113466,0,0,0.125966508,0.647598582,0.222443303,0.003991607,0.532084347,0.266245771,0.025397239,0,0,0.455415339,0.397759057,0.049659549,0,0,0,0.000992784,0.047118233,0.356628598,0.595260385,0,0.001783548,0.068107802,0.426202596,0.503906055,1
0.072048363,0.580303184,0.34738291,0.000265543,0,6.58E-02,0.531477046,0.402710688,0,0,0.017710703,0.391485341,0.582684493,0.008119462,0,0.199809494,0.630970526,0.166747596,0,0,0.478868985,0.386315147,0.038675194,0,0,0,0.004699101,0.148611322,0.561960827,2.85E-01,0,0.046314277,0.429227801,0.476897772,0.04756015,0.354028515,0.52779219,0.092211862,0.00E+00,0,0.027710939,0.505100193,0.467138265,5.06E-05,0,7.27E-02,0.590067764,0.337184669,0,0,0.177238343,0.617816349,0.202379913,0,0,0.473363437,0.079009911,0.001452665,0,0,0,0.13856173,0.532111376,0.305927218,0.023399675,0.012070824,0.470479602,0.509631466,0.007818108,0,0.163643022,0.573983548,0.259337431,0,0,0,0.011597022,0.224410471,0.52556469,2.38E-01,0.108963007,0.588231256,0.302805675,6.17E-08,0.00E+00,0.067198253,0.621548887,0.311252801,0,0,0.00E+00,0.127669436,0.607872922,0.256638061,0.007819581,0,0.203511412,0.651521502,0.144966259,8.27E-07,1
0.000395868,0.288519833,0.62694161,0.084142689,0,0,0.084739609,0.578366565,0.329678475,7.22E-03,0,0.10947506,0.647423853,0.242969322,0.000131765,0,0.243106749,0.607668035,0.147844136,1.38E-03,0.521559205,0.199544262,0.010898766,0.00E+00,0,0,0.009482307,0.22170221,0.585885974,0.182929508,0.057458465,0.536635705,0.40536098,0.00054485,0,0,0.291321325,0.609923633,0.098713258,4.18E-05,2.14E-09,0.237554474,0.684782965,0.077662559,0,0,0,0,0,1,0.187668219,0.614651502,0.194414102,0,0,0.108108498,0.721985643,0.169610233,0.000295626,0,0.087307503,0.666650889,0.246004341,3.73E-05,0,0.458854552,0.11228663,0.005271926,0,0,0.262375142,0.546368438,0.175888412,0,0,0,0.073699932,0.547562733,0.352725766,2.60E-02,0.001343712,0.294956529,0.627131553,0.076568206,0,0.010121432,0.509323913,0.474376459,0.006178197,0,0.032201987,0.530219097,0.43713951,0.000439406,0,0.037836313,0.521455372,0.438697807,0.002010508,0,1
8.37E-02,0.589469194,0.326754064,6.89E-05,0,0,0,0,0,0,0,0,0,0,0,0,0.245054324,0.607829676,0.145821116,0.001294884,0.042038605,0.634319847,0.322949979,0.000691569,0,0.398715527,0.443485806,0.101162294,0,0,0,0.112568623,0.596097087,0.288433732,0.002900557,0.321591767,0.553996967,0.106554896,0,0,0,0.13768776,0.647161786,0.210660796,0.004489658,0.377868644,0.058714138,0.001820841,0,0,0.016598551,0.51993719,0.458966582,0.004497677,0,0.227083461,0.672083954,0.100803536,0,0,0.00E+00,0.365221552,0.565404379,0.06937147,2.60E-06,0.471231969,0.36981959,0.047801215,0,0,0.062186317,0.537349855,0.400462298,0,0,0.039145191,0.513502902,0.447351858,0,0.00E+00,0.171296968,0.594170153,0.234040065,0,0,0.065111444,0.620230844,0.314657713,0,0,0,0.095542562,0.557157976,0.327107625,0.020191837,0,0.166898634,0.637956818,0.19475937,0.000385178,1
0.187662601,0.600857885,0.210373593,0,0,0.036898458,0.483782621,0.478510208,0.000808712,0,0.115253219,0.545693613,0.338575783,0,0,0,0.10205568,0.502690809,0.357786722,0.03746679,0,0.340990619,0.582147332,0.076816505,4.55E-05,0,0,0,0,0,0,0,0,0,0,0.447200428,0.430150091,0.055024586,0,0,0.010300835,0.4370593,0.549466984,0.003172882,0,0.003947633,0.398207618,0.574459377,0.023385372,0,0,0.09254198,0.515677392,0.358390082,0.033390546,0.57780767,0.242597059,0.009841011,0,0,0,0,0,0,0,0.170495754,0.605852706,0.221202082,0,0,3.93E-05,0.213057215,0.685202158,0.1017013,0,0,0,0,0,0,9.29E-06,0.210169749,0.643495835,0.146325131,0,0.248474553,0.592340101,0.148228076,0,0,0,0,0,0,0,0,0,0,0,0,1
0,0.154678009,0.612245714,0.231593873,0.001482404,0.403754037,0.444910471,0.09193259,0,0,0.309701784,0.510795721,0.155378681,0,0,9.14E-05,0.383462658,0.567838153,0.048607789,0,0,0.326437317,0.587205807,0.086234629,0.000122246,0.00E+00,0.009730202,0.224892003,0.586035454,0.179342342,0.00E+00,0.075116201,0.522796196,0.386317868,0.015769734,0.000513066,0.392107736,0.564702134,4.27E-02,0,1.87E-05,0.259263963,0.679559155,0.061158179,0,0.502344139,0.173477759,0.011254578,0,0,0,0.126557376,0.570294391,0.287997041,0.015151192,0,0.393060133,0.514662001,0.091805149,0.000472717,0.050357976,0.645689281,0.303124589,0.000828153,0,0,0.250693671,0.648643107,0.100661304,1.92E-06,0,0.028455688,0.359664874,0.512888683,0.098990755,2.69E-02,0.486142839,0.486860331,0.000105858,0,0,0.083710565,0.525427335,0.376685415,0.014176686,0.006576376,0.485581006,0.498299675,0.009542943,0,0,0.042875807,0.402559518,0.467700517,0.086864157,0,0.148845569,0.625152232,0.224760763,0.001241436,1
0.011600452,0.437794874,0.530633934,0.01997074,0,0,0.080616625,0.568742165,0.341830793,0.008810417,0,0.04173488,0.461394905,0.466556466,0.030313748,0.001509986,0.443106168,0.527685431,0.027698415,0,0,0.186437279,0.578274525,0.225827799,0.009460397,0,0.07279045,0.579583072,0.34443996,0.003186518,0,0.021726121,0.298013465,0.551844453,0.128415961,0,0.098224948,0.503732397,0.362709755,0.0353329,0.034065769,0.519448222,0.446485253,7.55E-07,0,0,0.252038773,0.649042025,0.098919202,4.09E-12,0,0.123429139,5.66E-01,0.29402008,0.016328945,0,0.257462455,0.537651739,0.19698272,0.007903087,9.97E-06,0.397639212,0.548799785,0.05355103,0,0,0.076662593,0.499851858,0.386007605,0.037477944,0,0.139669094,0.657025881,0.202653358,0.000651667,0,0.033728146,0.391008954,0.479374729,0.095888171,0,0.089956772,0.538688649,0.360172002,1.12E-02,0,0.108548274,0.53645204,0.326406658,0.028593028,0.00E+00,0.071398796,0.500958913,0.388462399,0.039179892,0,0.164299745,0.636388318,0.1988447,0.000467237,-1
0.418166953,0.458761647,0.078104686,0,0,0.357021398,0.48643563,0.118489549,0,0,0.222727196,0.547375776,0.221999848,0,0,0.4437205,0.090225921,0.002989915,0,0,0,0.138373467,0.53979283,0.298418036,0.023415667,0.017016231,0.378521602,0.594194403,0.010267764,0,0,0.036911391,0.387047535,0.50773934,0.068301735,0,0.305868605,0.606138948,0.087985703,6.74E-06,0.157077056,0.584135337,0.254119593,0,0,3.09E-02,0.532658607,0.435004106,0.001406892,0,1.42E-05,0.317312942,0.618148204,0.064524613,0,0,0.324930254,0.53491706,0.137714675,0.002438011,0.076416214,0.663095614,0.260369898,0.000118275,0,0.008572377,0.448466892,0.531441631,0.0115191,0,0,0.078477718,0.557793326,0.348776313,0.014952643,0.289447537,0.529343148,0.153558897,0,0,0,0.000537752,0.032030844,0.333378722,0.634052682,0.000251738,0.377656868,0.584544838,0.037546556,0,0,0.107091601,0.578062171,0.300302644,0.014543584,7.92E-05,0.247165609,0.650830654,0.101924538,0,1
3.33E-06,0.235124319,0.63834595,0.126526403,0,0,0.078969135,0.564716265,0.346789196,0.009525404,0,0.031617139,0.406876631,0.509763594,0.051742636,0.343815348,0.539198415,0.093157892,0,0,0.040437899,0.63224935,0.326529053,0.000783698,0,0,0.113068837,0.655576364,0.23135294,1.86E-06,0.008336974,0.376937194,0.586232787,0.028493045,0,0.031699935,0.583524185,0.382582994,0.002192887,0,0.187637293,0.579037983,0.225345199,0,0,0,0.080017455,0.510191088,0.377658786,0.03213267,0.137916358,0.625294515,0.236023147,0,0,0.007773036,0.63376713,0.345893944,0.01256589,0,0.529157094,0.292263313,0.02110441,0.00E+00,0,0.493629916,0.324050721,0.036213913,0,0,0.003673205,0.331813193,0.636026312,0.02848729,0,0.270836258,0.539946956,0.166461579,0,0,0.066650174,0.558106351,0.374593306,0.000650169,0,0.335298825,0.531828142,0.102408172,0,0,0.039421377,0.544763,0.415690711,0.000124912,0,0.011275042,0.424973025,0.546971063,0.016780871,0,1
0,0.001844184,0.066738512,0.424015295,0.50740201,6.65E-05,0.196827355,0.683661231,0.119444917,0,0,0.048416118,0.491528136,0.438829239,0.021226507,0,0,0,0,1,0,0.300483622,0.593917574,0.105168172,0.000430633,0,0.091495395,0.622061309,0.285939029,0.000504267,5.46E-05,0.211689174,0.658046794,0.13020943,0,0.002215321,0.436595056,0.533440622,0.027749,0,0,0.000164166,0.015904148,0.226740578,0.757191108,0,0.062737723,0.463396322,0.422781439,0.051084515,0.226439166,0.59930439,0.167423401,0,0,0.000753222,0.563582063,4.10E-01,0.026019735,0,0.194017355,0.648057419,0.156853884,0,0,0.346425883,0.513426413,0.107359496,0,0,0.005064338,0.349629707,0.622874868,0.022431086,0,5.53E-04,0.286058133,0.673124358,0.040264931,0,0.389272325,0.483408884,0.095509922,0,0,0.019001597,0.547735134,0.430881077,0.002382193,0,0,0.157638813,0.637690498,0.201919531,0.002751158,0,0.207776881,0.652168295,0.140054808,1.59E-08,1
0,0.189523802,0.631739488,0.178596567,1.40E-04,0,0.010467207,0.215979083,0.559477208,0.214076502,0,0.001351548,0.068967768,0.453959225,0.47572146,0.003066274,0.469283805,0.506805768,0.020844153,0,0.016364345,0.580307118,0.398634125,4.69E-03,0,0,0.072407199,0.578552974,0.345754907,0.00328492,0,0.010028285,0.196369829,5.59E-01,0.234971399,0.001298329,0.417772524,0.547387891,0.033541255,0,0,0.172486391,0.674259171,0.152259374,0.000995064,0,0.09467816,0.541916516,0.341786858,0.021618467,0,0.228102947,0.633649808,0.137651085,0.00059616,0.000287762,0.546406815,0.423165695,0.030139728,0,0.031474325,0.61985241,0.34607434,0.002598925,0,0.09785539,0.605105712,0.29694428,0,0,0,0.130545068,0.647834836,0.220393855,0.001226241,8.28E-05,0.249834681,0.688451658,0.061630862,0,0.001044231,0.286075699,0.630666632,0.082213438,0,0.116697279,0.634261106,0.248606576,0,0,0,0.077410598,0.516785787,0.372540152,0.033263463,0,0.032681184,0.353999007,0.514993021,0.098326789,1
0.257616618,0.575584812,0.160972458,0,0,0.068796204,0.534644855,0.39655855,0,0,0.075967507,0.521035631,0.402984603,0,0,0.319470061,0.558872253,0.103708223,0,0,0.000806065,0.455538583,0.515876186,0.027779166,0,4.37E-08,0.120119954,0.663638894,0.216241108,0,9.53E-06,0.196693621,0.656679865,0.146616985,0,0.081343398,0.635933582,0.282713135,9.88E-06,0,0.021486262,0.487107576,0.491080415,0.000325747,0,0.012928731,0.468913321,0.510106604,8.05E-03,0,0.187923638,0.614568512,0.194223227,0,0,0.035588925,0.699231312,0.261491745,0.003688019,0,0.00E+00,0.31975265,0.582104814,0.097962139,0.000180397,0,0.067001272,0.473946406,0.410877518,0.048174804,0.207238938,5.67E-01,0.218965626,0,0,1.51E-05,0.232796688,0.692756719,7.44E-02,0,0,0.009790666,0.185924321,0.555047165,0.249237848,0,0.140458093,0.57870911,0.26639244,0.014440358,0,0.15938995,0.639013223,0.199028326,0.002568502,0.008757161,0.407410027,0.562552858,0.021279954,0,-1
0.326042538,0.535862036,0.122051216,0,0,0,0.02040158,0.30902973,0.546978787,0.123589904,0,0.001548168,0.074980052,0.466083273,0.457388506,0.511015862,0.167545189,0.008536512,0,0,0.027649746,0.610827981,0.359493363,0.002028909,0,0.168089823,0.551322017,0.278004856,0,0,0.500065618,0.33365797,0.042526376,0,0,0.054267553,0.616942343,0.328413099,3.77E-04,0,0.111693997,0.581769436,0.30502107,0,0,0,0.032200567,0.341822929,0.503637307,0.122339197,0.000937596,0.382736277,0.581742645,0.034583482,0.00E+00,1.84E-02,0.670723997,0.303649002,0.007204365,0,0.530650691,0.286138595,0.020264858,0,0,0.050638775,0.572367864,0.376914382,7.90E-05,0,0.047020614,0.516852804,0.436104158,2.24E-05,0,0.382032703,0.456276104,0.096318213,0,0.00E+00,0.187106645,0.591778342,0.220187292,0,0,0.162941787,0.628107119,0.206707149,0,0.00E+00,0.481796131,0.334778985,0.040951571,0,0,0.50811863,0.310431937,0.034930212,0,0,1
0,0,0,0,0,0.403544017,0.44512151,0.092048489,0,0,0.386870234,0.454720676,0.106427005,0,0,0.4014484,0.065519847,0.001771049,0,0,2.36E-01,0.622065238,0.13707983,0,0,0.052461352,0.484419015,0.463052931,6.67E-05,0,0.037253299,0.499241232,0.46045091,0.003054559,0,0.028664521,0.576866267,0.391747768,0.002721443,0,0.482497473,0.296803986,0.034792967,0,0,0.345579251,0.513997103,0.108988702,0,0,0,0.28708037,0.628744025,0.084174201,1.40E-06,0.239515379,0.664329999,0.096055997,0,0,0.002893802,0.496629178,0.47888304,0.02159398,0,0.057367299,0.580253655,0.362362426,1.66E-05,0,0.004275098,0.340002062,0.630136133,0.025586707,0,0.006743323,0.390159654,0.595380412,0.007716611,0,0,0.10921837,0.572778338,0.312936867,0.005066425,0.02630707,0.56852139,0.404067576,0.001103965,0,0.07863093,0.586052799,0.335264804,0,0.00E+00,4.72E-02,0.539532671,0.412347932,0.000891007,0,1
0.003314236,0.36249222,0.589214836,0.044978707,0,0,0.15963223,0.673343381,0.167024341,4.74E-08,0.000915049,0.217915925,0.693803834,0.087365193,0,0,0.340437352,0.589603808,0.069958645,1.96E-07,0.084662517,0.662547431,0.25278854,1.51E-06,0,5.01E-01,0.290711573,0.038279585,0,0,0.525625136,0.238200048,0.021801555,0,0,0,0.227455348,0.612109531,0.159062555,0.001372566,0.009733559,0.433450948,0.553289333,0.00352616,0,0.121582909,0.607110376,0.270919385,0,0,0.017183808,0.522247187,0.456314484,0.004254521,0,0,0.32751764,0.534438157,0.135728585,0.002315618,0.06325696,0.65618113,0.280216377,0.000345533,0,0,0.029820916,0.327393125,0.506745977,0.136039982,0.020215981,0.44753862,0.529072158,0.003173241,0,0,0.19272075,0.692831218,0.114419644,2.84E-05,0.150562323,0.595318804,0.253965231,0,0,0.002449317,0.440468382,0.538673066,0.018409235,0,0.29561721,0.032043841,0.000720762,0,0,0.464190351,0.107497485,0.005115276,0,0,-1
0,0.126105622,0.583928863,0.28484789,0.005117625,0.477713901,0.134966829,0.008567535,0,0,0.504678916,0.269447293,0.032392722,0,0,0.091833781,0.649211202,0.258955015,2.40E-09,0,0.013229861,0.568264567,0.412470221,0.006035351,0,0.299661559,0.514759342,0.164698143,0,0,0.146686196,0.585271625,0.267640691,0,0,0.00027869,0.379183626,0.572648481,0.047889203,0,0.130383506,0.584436555,0.282602754,0,0,0.472149418,0.370263403,0.04834772,0,0,0.010583731,0.49107941,0.490168203,0.008168655,0,0.007438876,0.632013514,0.347701288,0.012846322,0,0.301289037,0.584765878,0.1035233,0,0,0,0.174343492,0.633307846,0.190393865,0.001954796,0,0.154853705,0.669047504,0.175934835,0.000163956,4.40E-02,0.521525643,0.434507954,0,0,0,0.024086153,0.302039429,0.5491747,0.124699718,0.000733535,0.401291157,0.568720247,0.029255062,0,0.349856458,0.502769658,0.108246374,0,0,0.33956274,0.51757784,0.118663842,0,0,1
0.180252984,0.602446467,0.216446774,0,0,0.162675008,0.569217959,0.265848717,0,0,0.249730345,0.538997754,0.199561663,0,0,0.076944772,0.644249928,0.278790652,1.46E-05,0,0.05003236,0.643167098,0.30644354,0.000357003,0,0.079142808,0.518369251,0.402474179,0,0,0.01830866,0.437169864,0.532172328,0.012349149,0,0.101539032,0.641811138,0.25664886,0,0,0,0,0,0,0,0.106933993,0.604819421,0.288091681,0,0,0.008279616,0.476404965,0.504806881,0.010508539,0,0.154553242,0.709207821,0.136210025,2.89E-05,0,0.010770071,0.557803314,0.421527404,0.009899211,0,0,0.056135684,0.440082001,0.439638695,0.06414362,0.040442394,0.504864076,0.454553551,0.000139979,0,5.79E-02,0.539412247,0.402645827,0,0,0,0.153345355,0.621568025,0.224704589,0.000382031,3.42E-06,0.336773236,0.607318794,0.055904554,0,0.120657688,0.599181461,0.279329462,0,0,0.083861254,0.579630603,0.33650773,4.13E-07,0,1
0.193245914,0.599504735,0.20592648,0,0,1.08E-01,0.560393039,0.331516442,0,0,0.156270006,0.554430396,0.287235394,0,0,0.209472347,0.626722247,0.160706602,0,0,0,0.034295045,0.305316935,0.492592208,0.167795811,0,0.003914393,0.133507674,0.55078752,0.311790412,0,0.033490154,0.369626298,0.518683763,0.078199785,0.420358644,0.462621517,0.065338834,0,0,0.142383363,0.584839845,0.269346677,0,0.00E+00,0,0.034638072,0.354215066,0.497747182,0.11339968,0,0.053627731,0.41392353,0.450275597,0.082173142,0.543507815,0.135525568,0.003555156,0,0,0.135423776,0.666911406,0.197636627,0,0.00E+00,0.026622351,0.526667514,0.444899266,0.00181087,0,0,0.078141014,0.556940987,0.349767962,0.015150037,1.43E-01,0.575611564,0.278328535,0,0,0.437722935,0.436384782,0.073031346,0,0,1.86E-05,0.346295038,0.602586873,0.051099522,0,0.048573737,0.559027057,0.392389665,9.54E-06,0,0,0.067325949,0.48831107,0.413143994,0.031218987,-1
0.034304867,0.523095001,0.438207609,0.004392523,0,0.006914395,0.348969512,0.620317231,0.023798862,0,0.00146112,0.234916942,0.689849206,0.073772732,0,0.429647245,0.453002256,0.059393954,0,0,0,0.294215763,0.59506469,0.110168407,0.00055114,0,0.00061626,0.043068048,0.39238776,0.563927933,0,0.046034233,0.428076613,0.477820021,0.048069133,4.98E-06,0.337922918,0.594185581,0.067886518,0,0.100550488,0.578785958,0.319634831,0,0,2.37E-05,0.276914933,0.643407731,0.079653628,0,0,0.103996132,0.536814151,0.333485344,0.025704373,0,0.498422801,0.457534974,0.044042218,7.27E-09,0.292795956,0.590882289,0.107133406,0,0.00E+00,0.049939848,0.571457278,0.378512977,8.99E-05,0,0,0.132278754,0.649703303,0.216922053,0.001095889,0.031247288,0.497264207,0.471470057,1.84E-05,0,0,4.13E-07,0.000292862,0.03792684,0.961779885,0,0.188964047,0.615548821,0.191004093,0.004483039,0,0.216265384,0.662110347,0.121535898,8.84E-05,0.010373545,0.419054839,0.552344534,0.018227082,0,1
0.447008144,0.42709463,0.065467597,0,0,0.041595061,0.49426313,0.463725929,0.00041588,0,0.130399819,0.550445552,0.318242201,0,0,0,0.063980689,0.419197876,0.43702325,0.079798185,0.097044367,0.664680104,0.238275242,0,0,0.0007846,0.201701822,0.696097581,0.101415997,0.00E+00,0,0.107609903,0.588611117,0.300026748,0.003752232,0.001633877,0.425467442,0.541812113,0.031086569,0,0.021193122,0.486136134,0.492321108,0.000349636,0,0.104189306,0.604173123,0.29151276,0,0,9.01E-05,0.335176607,0.609844662,0.054888639,0,0,0.327471119,0.534446988,0.135764117,0.002317776,0,0.005253649,0.10639545,0.449130405,0.439220496,0,0.022895027,0.286171352,0.519735563,0.171198058,0.051948248,0.52447458,0.42357551,1.66E-06,0,0,0.120767877,0.640860462,0.233426824,0.004944838,0.515408938,0.320378906,0.036704648,0,0,0,0.196396256,0.618932018,0.181013734,3.66E-03,0,0.052833219,0.442129634,0.43972735,0.065309797,0.00E+00,0.039383261,0.386904475,0.495851239,0.077861025,-1
0,0,0,0,1,0,0.02132499,0.316138258,0.544417408,0.118119344,0,0.030532076,0.400247364,0.514394105,0.054826455,0,0.122447758,0.533472031,0.318936134,0.025144077,0.037201665,0.627705824,0.334088829,1.00E-03,0,0,0.005070075,0.155332986,0.566111699,0.27348524,0.104128641,0.57612045,0.319745829,0,0,0,0.217656592,0.610025335,0.170407514,0.001910559,0,0,0,0,1.00E+00,0,0.033330142,0.347644338,0.500939489,0.118086031,2.11E-04,0.3481538,0.602993684,0.048641851,0,0.057755731,0.716055897,0.224453368,0.001735004,0,0.468172463,0.417218022,0.043621175,0,0,0.510889044,0.258220274,0.023153908,0,0,0.001381555,0.288041456,0.662750541,0.047826448,0,0.004415457,0.366161913,0.617034223,0.012388407,0,0,0.134425894,0.604863245,0.259291274,0.001419587,0.169237901,0.626419473,0.201716204,0.00E+00,0,2.42E-01,0.572904644,0.173463163,0,0,4.37E-02,0.533298353,0.421768554,0.001223316,0,1
0.004649679,0.3801069,0.577243681,0.03799974,0,0,0.145323333,0.664247832,0.190388385,4.04E-05,0,0.019495327,0.320833695,0.558461987,0.101208991,4.52E-01,0.424273472,0.051059128,0,0,0,0.218901679,0.591722658,0.184620897,0.004754766,0.01083026,0.340449672,0.628679695,0.020040374,0,0.400267188,0.464411585,0.092108385,0,0,0,0.300500229,0.607661632,0.09182313,1.50E-05,1.37E-02,0.455677104,0.528966262,0.001691409,0,0,0.020473001,0.27137018,0.52588607,0.18227075,0.038023918,0.576192777,0.385230548,0.000552756,0,0,0.338772567,0.532069443,0.127321024,0.001836966,0.528233723,0.295761851,0.021593391,0,0,0.003996233,0.405919114,0.568895906,0.021188747,0.00E+00,0.000300004,0.244002357,0.680229885,0.075467754,0,0.311761725,0.514945963,0.138813708,0,0,0,0.067191274,0.483896565,0.423088649,0.025823512,0,0.251342582,0.629523191,0.118591232,0.000542995,0.39469435,0.460702901,0.085044983,0,0,0.021757548,0.475578826,0.495579964,0.007083661,0,1
0.00E+00,0.166435511,0.620465773,0.212316991,0.000781725,2.84E-05,0.187700548,0.682596945,0.129674136,0,0.000229997,1.82E-01,0.694860696,0.122667003,0,0,0.23382232,0.606548108,0.157776755,0.001852817,0.510010622,0.165808186,0.007863423,0,0,0,0.047902963,0.495065043,0.439822989,0.017209005,0,0.000489331,0.03151946,0.331775795,0.636215414,0.522311509,0.196491397,0.01174067,0,0,0,0.235939373,0.685023939,0.079036688,4.36E-10,0,0.160546647,0.625918305,0.210807715,0.002727333,0.366030962,0.503932762,0.091911299,0,0,0.401928228,0.048317909,0.000657826,0,0,0,0.347371321,0.572937744,0.079663703,2.72E-05,0.493302112,0.157535498,0.009428622,0,0,0.201872966,0.568103248,0.223582669,0,0,2.82E-11,0.211746104,0.694810766,0.09344313,0,2.58E-01,0.568738194,0.168005367,0,0,0,0,0,0,0,0,0.001281374,0.055251208,0.377636319,0.565831098,0,0,0,0,1,1
0.003771333,0.368986187,0.584925944,0.042316536,0,0.170911431,0.568835336,0.257485278,0,0,0.254071403,0.53739225,0.196121314,0,0,0.305627199,0.569286094,0.109969303,0,0,0.521813862,0.278314326,0.020090039,0,0,0.006419325,0.301956566,0.657280772,0.034343338,0,2.27E-07,0.183694517,0.65374887,0.162556387,0,0,0,0,0,0,7.55E-02,0.567109955,0.357059312,0,0,0.04655731,0.562486664,0.390730179,0.000225846,0,0,0,0,0,0,0.084840672,0.001420204,2.88E-06,0,0,0,0.325353499,0.580503221,0.094010421,0.000132859,0.029255905,0.533604262,0.435759858,0.001379975,0,0,0,0,0,0,6.35E-05,0.246456792,0.689470654,0.064009072,0,0.297735518,0.548453796,0.143518116,0,0,0.396614112,0.473390699,0.074680228,0,0,0.000437617,0.315845944,0.636974408,0.046742032,0,0.121716165,0.594149326,0.284015097,0,0,-1
0.001996797,0.33957625,0.603157633,0.05526932,0,0.028394975,0.460607243,0.508740286,0.002257496,0,0.008469387,0.331938218,0.6363669,0.023225495,0,0.100993575,0.650806933,0.248197483,0,0,1.96E-05,0.401553151,0.552341198,0.046086067,0,0.000488695,0.188128974,0.696121964,0.115260366,0,0.001832952,0.294172737,0.638220088,0.065774223,0,0,0.103844223,0.513503194,0.351228125,0.031424458,0.013478521,0.454749027,0.530020085,0.001752367,0,0.000275148,0.309869097,0.630653766,0.059201989,0,0,0.274944367,0.631581215,0.09345816,1.63E-05,0,0.168408797,0.503256972,0.300004222,0.02833001,0.283815172,0.597149604,0.111040903,0,0,0.001018287,0.350956752,0.608374268,0.039650693,0,0,0.006042237,0.155144278,0.525230202,0.313583283,0,0.161352106,0.679998275,0.158008,0.000641619,0.001489089,0.298812617,0.625487275,0.074211019,0,0.001234716,0.416319511,0.557743348,0.024702425,0,0,0.242976133,0.662014321,0.095009242,3.04E-07,5.36E-08,0.212522829,0.65268209,0.134795028,0,1
0.046025529,0.547108285,0.404804323,0.002061863,0,0.022458655,0.440037696,0.533211608,0.004292042,0,0.007669794,0.324808112,0.641811004,0.025711091,0,0.522608367,0.204028799,0.012101801,0,0,0,0.137668944,0.53902527,0.299590844,0.023714942,0.067208443,0.50581567,0.426975794,0,0,0.303993214,0.536543762,0.144665536,0,0,0,0.317003916,0.602527859,8.05E-02,3.62E-07,0.012460228,0.449489949,0.535927233,0.00212259,0,0.174697692,0.603240578,0.219567351,0,0,0.022306057,0.539912311,0.435149739,0.002631893,0,6.58E-07,0.507178253,0.451625053,0.041196036,0,0.49366235,0.125275105,0.00465754,0,0,0,0.089646189,0.529598624,0.354016078,0.026739108,0,0.095173403,0.594978687,0.302282087,0.007565822,0.341538014,0.492737953,0.120179815,0,0,0,0,0,0,1,0.221847769,0.60620723,0.164589048,0,0,0.228295479,0.578945594,0.183093008,0,0,0.273740017,0.558823301,0.156776921,0,0,1
0.532997986,0.22594596,0.017760269,0,0,0,0.010570475,0.217159895,0.55960393,0.212665699,0,0.017487972,0.303346851,0.565069188,0.114095989,0,0.104923782,0.507500613,0.352145209,0.035430396,0,0,0,0,0,0.008369359,0.320712036,0.644156312,0.026762292,0,0.001270496,0.279861076,0.644323636,0.074544791,0,0.082541084,0.636442939,0.281008568,7.41E-06,0.00E+00,0.000310719,0.296657947,0.663474304,0.03955703,0,0.004548742,0.405471639,0.568625513,0.021354106,0,1.47E-01,0.624278319,0.227744867,0,0,0.002193723,0.590022581,0.387412821,0.020370875,0,0.000103866,0.418159486,0.536546994,0.045189654,0,0,0,0,0,0,0.157937624,0.57423367,0.265176034,0,0,0.011217641,0.422801691,0.562594107,0.00338656,0,0,0,0,0,0,0.494567558,0.164868861,0.009201582,0,0,0.101229889,0.595440281,0.30299945,0,0,0.00E+00,0.058293173,0.46047061,0.439454865,0.041781352,1
0.120386457,0.60425369,0.27535272,0,0,0,0.131638722,0.652195147,0.215883274,0.000282858,0,8.03E-02,0.593294533,0.323452138,0.002998741,0.000198972,0.394741334,0.561068069,0.043991625,0,0.014726999,0.574294794,0.405635117,0.005343091,0,0,0.104553977,0.644045941,0.25134633,5.38E-05,0.001536322,2.87E-01,0.641379689,0.070040976,0,0.062698293,0.624635248,0.312500951,0.000165508,0,0.001423392,0.338952917,0.636994754,0.022628937,0,0,0.00027901,0.020447088,0.258577974,0.720695928,0,0.0552483,0.419390824,0.446342993,0.079017883,0.12915434,0.717662342,0.153063698,0.000119621,0,0.064611488,0.657048562,0.278027267,0.000312683,0,0.145257421,0.609439834,0.244115015,0,0,0.032740394,0.48749138,0.479191572,0.000576654,0,0.121537201,0.573424403,0.303088699,0,0,0.032194355,0.496430489,0.464872262,0.006502894,0,0,0.319440946,0.61491268,0.065646236,1.38E-07,0,0.135677783,0.61726864,0.241018566,0.006035012,3.67E-07,0.215400162,0.652892197,0.131707275,0,1
0,0.073622004,0.488681645,0.408407077,0.029289274,0.004477343,0.322097208,0.639812709,0.03361274,0,0.039688378,0.465921823,0.493846006,0.000543793,0.00E+00,0.058116636,0.632361627,0.309321783,0.000199954,0,0.50070775,0.344065202,0.030430986,0,0,0,0.099266763,0.635810283,0.264763371,0.000159583,0,0.101204685,0.57805583,0.315607056,0.005132428,0.525271097,0.212254464,0.0134913,0,0,0,0.21935451,0.686161515,0.094468828,1.51E-05,0.296155349,0.54971859,0.135835818,0,0,0.495206887,0.327618273,0.034175811,0,0,0,0,0,0,0,0,0.259926316,0.589941288,0.148427896,0.0017045,0.009254797,0.453241774,0.526857541,0.010645888,0,0.348520257,0.49269745,0.119956603,0,0,4.92E-06,0.226027622,0.693846664,8.01E-02,0,0.112542739,0.589500641,0.297956614,0,0,0.499274351,0.30606841,0.028806137,0,0,0.028151957,0.52036246,0.450697214,0.000788369,0,0.071191627,0.569769787,0.358997427,4.12E-05,0,1
0,0.016815726,0.242322621,0.548610716,0.192250937,0,0.111115328,0.626910711,0.260373643,0.001600318,0,0.038929503,0.447465748,0.478452031,0.035152718,0.000917891,0.427997716,0.5388452,0.032239192,0,0.101254113,0.665007122,0.233736597,0,0,0,0.010625815,0.236063912,0.586076544,0.167233728,0,0,0,0,1,0.240954841,0.605964762,0.147563476,0,0,0,0.04818667,0.447256187,0.434853686,0.069703458,0,0.158679435,0.624517385,0.213875038,0.002928142,0.514007359,0.250412362,0.020236465,0,0,0.568888076,0.180286004,0.005802741,0,0,0,0.201326164,0.577413852,0.214255444,0.00700454,0.42336365,0.437586288,0.070183048,0.00E+00,0,0.027619467,0.473318008,0.497841264,1.22E-03,0,1.07E-09,0.212347638,0.694809919,0.092842442,0,0.254007663,0.018908665,0.000307877,0,0,0.489223981,0.154441662,0.008210874,0,0,0,0,0,0,1,0,0.006309028,0.145357439,0.52152487,0.326808662,1
0,0.1174275,0.572596002,0.302924363,0.007052135,1.01E-03,0.255277116,0.674493185,0.069215079,0,0.006122116,0.309395842,0.652829244,0.031652798,0,3.45E-06,0.358637227,0.58123863,0.06012069,0,0.11369493,0.66501483,0.221260953,0,0,3.75E-05,0.145329635,0.683642814,0.170990087,0,1.86E-01,0.582610376,0.229738549,0,0,0.326287974,0.550400282,0.104416158,0,0,0.038984143,0.528508398,0.432507284,0,0,0.157858029,0.606168341,0.234388727,0,0,0.058511277,0.602567414,0.338897044,2.43E-05,0,0.269465439,0.644356368,0.085625696,0,0,0.41963574,0.477961697,0.059613682,0,0,0.477828216,0.357920409,0.044557264,0,0,0.098005568,0.563329357,0.338384163,0,0,0.11036005,0.570893607,0.317363923,0,0,0,0.092641836,0.544030895,0.353253383,0.010073885,0.296474755,0.561788159,0.121704938,0,0,0.040921143,0.547383913,0.411603895,9.10E-05,0,0.021247165,0.473649257,0.497732633,0.007370944,0.00E+00,1
0,0.007049957,0.14897414,0.5246315,0.319344403,2.10E-01,0.562428277,0.221130815,0,0,0.210471535,0.550219297,0.23284227,0,0,6.20E-05,0.378867862,0.570478176,0.050591991,0,0,0.059956926,0.396759515,0.44608861,9.72E-02,0.00404574,0.272987202,0.674318431,0.048648626,0,0,0.00632015,0.150902453,0.539728533,0.303048864,0,0.085545313,0.478971933,0.389449269,0.046033485,0,9.93E-05,0.011487646,0.196658003,0.791755056,0.186542355,0.600400397,0.209771222,0,0,0,0,0,0,1,0,0.05366377,0.330246131,0.471229093,0.144861005,0.028463654,0.61395864,0.354468317,0.003109389,0,0.189791697,0.601078078,0.205333461,0,0,0,0,0,0,1.00E+00,0.131520567,0.574847929,0.291080388,0,0,0.010108046,0.402137034,0.55983338,0.02792154,0,0.00E+00,0.264718875,0.628792253,0.106206945,0.000281927,0.004741821,0.40347174,0.575748102,0.016038337,0,0,0.171656837,0.640603555,0.187477098,0.00026251,1
0,0.063408743,0.460446843,0.43619793,0.039946484,0.000168575,0.210627175,0.683803999,0.105400251,0,0,0.076705033,0.584581374,0.334842783,0.003870809,0.001086361,0.432835036,0.535343157,0.030735445,0,0.173318268,0.651485714,0.174025791,0,0,1.22E-05,0.13624479,0.677808437,0.185934535,0,0,0.010166822,0.197884986,0.558976214,0.232971977,0.239754736,0.606598071,0.148248576,0,0,0,0.193628147,0.682653718,0.123450232,0.000267903,0.027718947,0.524432952,0.445912721,0.00193538,0,0.298334353,0.557869057,0.125332374,0,0,0.373228227,0.562077469,0.056713556,0.00E+00,0,0.000136358,0.42179539,0.534247398,0.043820854,0,0.496043056,0.317830331,0.034812499,0,0,0.138549603,0.573650456,0.286230761,0,0,0.046502859,0.525311158,0.428180045,0,0,0.158666381,0.59516463,0.24591085,0,0,0.510220304,0.233292069,0.017161682,0,0,0,0.11164574,0.585427398,0.290191452,0.01273541,0,0.015939337,0.24470447,0.548090497,0.191265696,1
0.281664505,0.563205974,0.146470979,0,0,4.83E-05,0.193072483,0.683323063,0.123556136,0,0.000194289,0.179031644,0.694387693,0.126386374,0,0.037577837,0.608078784,0.353172783,0.001170597,0,0,0.369936153,0.569564747,0.060498331,7.70E-07,0.001982923,0.236592522,0.68946926,0.071955294,0,0.290494432,0.544173612,0.152944756,0,0,0,0.25669236,0.614268198,0.128624733,0.000414709,0.018412973,0.476232233,0.504700006,6.55E-04,0,0,0.201769849,0.646296978,0.15156584,0.000367333,0,0.041161224,0.366678149,0.479854069,0.112306557,0,0.346622754,0.530150225,0.12167641,0.001550611,0.243089145,0.622973819,0.13009831,0,0,0.039641526,0.555624523,0.404312204,0.000421747,0,0,0.169676589,0.677272206,0.153034652,1.66E-05,0,0.135292837,0.658307801,0.20375085,0.002648512,0.005899815,0.366363198,0.587007615,4.07E-02,0,1.93E-06,0.334616262,0.608337735,0.057044073,0,0.060226705,0.572330145,0.367442757,0,0,0.002830046,0.34302016,0.610379987,0.043769807,0.00E+00,1
0.501856386,0.137832656,0.007364466,0,0,0.008269818,0.361128262,0.61055684,0.020045081,0,0.00072742,0.210617837,0.694872321,0.093782422,0,0.144082521,0.648582502,0.20698292,0.00E+00,0,0.006889488,0.533982222,0.448334874,0.010793416,0,0.139266281,0.548338173,0.311267782,0,0,0.413240125,0.451898248,0.085651527,0,0,0.000486762,0.390882719,0.56547809,0.043152429,0,0.45952577,0.353515363,0.050059086,0,0,4.20E-07,0.258477111,0.647966788,0.093555682,0,0.008168577,0.475622243,0.505566392,0.010642788,0,0.001330149,0.576553351,0.398966041,0.023150458,0,0.448797432,0.443309782,0.049966697,0,0,0,0.021800052,0.27895944,0.521290264,0.177950245,0.010838289,0.399376853,0.579774584,0.010010274,0,0,0.106538409,0.61929026,0.265641531,0.0085298,0.000127024,0.236632634,0.643087591,0.120152752,0,0,0.177605538,0.609326314,0.207042732,0.006025416,0.478341157,0.342313329,0.042905127,0,0,0.469144792,0.112050501,0.00548646,0,0,-1
0,0.130902572,0.589602934,0.275245816,0.004248679,0.425170793,0.086068096,0.003997795,0,0,0.50786559,0.215542558,0.021095409,0,0,0.155327024,0.646108911,0.197964789,0,0,0.03912499,0.630466035,0.329541834,0.000867142,0,0.245345315,0.538188052,0.205909999,0.00E+00,0,0.29926465,0.539281782,0.14753391,0,0,0.038296925,0.595827305,0.364515406,0.001360364,0,0,0.203005388,0.684727087,0.112145498,0.000122027,0.444918189,0.411361611,0.061201459,0,0,0.100100384,0.623570072,0.276252437,0,0.00E+00,0.161111734,0.706558507,0.132311712,1.80E-05,0,0.028125397,0.613254104,0.355447522,0.003172977,0,0.007428499,0.439782666,0.539577376,1.32E-02,0,0.005325327,0.352585536,0.620573805,0.021515332,0,0.002362834,0.335941344,0.641281281,0.020414541,0,0.076080413,0.567782956,0.355853195,0.000283436,0,0,0.276260826,0.627262818,0.096334257,0.000142099,0.061070273,0.573126735,0.365802309,0,0,0.156152529,0.59584202,0.247221352,0,0,1
9.31E-05,0.262245087,0.634590669,0.103071131,0,0.50723849,0.201739605,0.017512742,0,0,0.5075742,0.250592304,0.028099787,0,0,0.043117367,0.616233238,0.33988773,0.000761665,0,0.522615834,0.273846824,0.019482422,0,0,0.018933284,0.388106143,0.584559591,0.008400982,0,0.057587098,0.536818419,0.40505664,0.000537843,0,0.200257454,0.62495074,0.172449883,0,0,0.372431063,0.064390576,0.002371356,0,0,0.329067392,0.526840337,0.117643826,0,0,0.363780829,0.052616447,0.001413853,0,0,0.555698152,0.152848223,0.004362956,0,0,4.00E-06,0.393154845,0.551306491,0.055534663,0,0,0.069872149,0.482020709,0.403403877,0.044703265,0.127473206,0.572200628,0.299232791,0,0,0,0.186082378,0.691169946,0.122674812,7.29E-05,0.000118741,0.235593795,0.643197496,0.121089969,0,0.013979188,0.528561433,0.453424433,0.004034946,0,0.104404804,0.596286153,0.298914683,0,0,0.225044917,0.580459127,0.189672896,0,0,-1
0,0.056530894,0.438835442,0.455382251,0.049251413,0,0.07373857,0.551209612,0.362920168,0.01213165,5.97E-05,0.161458656,0.689774748,0.148706918,0,0.023729125,0.579409295,0.393619956,0.003241623,0,0.403726078,0.486315522,0.065218603,0,0,5.78E-07,0.123976554,0.667530438,0.208492431,0,0.001178781,0.27716204,0.645366217,0.076292962,0,0.022724443,0.561439895,0.411679231,0.004156431,0,0,0.049629899,0.453114249,0.430466585,6.68E-02,0,0.208535641,0.647934375,0.143299022,0.000230963,0.499031766,0.31764228,0.03210529,0,0,0.398592032,0.53865579,0.050770183,0,0,0,0.312784391,0.583905822,0.103054854,0.000254934,1.25E-05,0.280134511,0.642204011,0.077648938,0,0.323518715,0.511039677,0.135110939,0,0,0.00E+00,0.094506141,0.596995357,0.295441038,0.013057463,0.461185316,0.408925118,0.06246407,0,0,0.064669764,0.619939428,0.315390808,2.17E-10,0,0.036743923,0.539763632,0.423284536,0.000207909,0,0.089496203,0.583024051,0.327479718,0.00E+00,0,-1
0.142997123,0.606277162,0.250603986,0,0,0.081796569,0.546022339,0.372158889,0,0,0.020413969,0.404133849,0.569400206,0.006051976,0,5.24E-01,0.264851955,0.019556558,0,0,0,0.195830888,0.583064721,0.213286591,0.007817799,0.226357904,0.543797201,0.221882677,0,0,0.151732033,0.585416796,0.262340576,0,0,0,0.166952528,0.586078407,0.239183745,0.00778532,0.051504827,5.46E-01,0.402340579,0,0,0.212347324,0.592228427,0.189935505,0,0,0.005253695,0.451483707,0.527984779,0.015277819,0,0,0.197629227,0.520559872,0.262826667,0.018984234,0.306215431,0.58113324,0.101465312,0,0,0.009153567,0.452550638,0.527525988,0.010769807,0,0,0.114281641,0.627261937,0.255358764,0.003097658,0.275945025,0.537162117,0.162860495,0,0,0,0.000315671,0.022817578,0.290690286,0.686176464,0,0.058423898,0.422524606,0.43656601,0.082485486,0.007264785,0.427489307,0.554295426,0.010950483,0,0.365324484,0.497567344,0.105180061,0,0,1
0.421865927,0.454957663,0.076467091,0,0,0.385093688,0.462735528,0.102333923,0,0,0.408258195,0.434399128,0.093857283,0,0,0.470675937,0.397195811,0.044125299,0,0,0,0.080442748,0.44849938,0.405034879,6.60E-02,0.000106694,0.157990098,0.689666271,0.152236936,0,0,0.041780281,0.409837233,0.491830864,0.056551623,0,0.139324865,0.561532871,0.284415413,0.014726851,0.266793638,0.547484209,0.163558415,0,0,0.067948217,0.586437875,0.345613567,3.41E-07,0,0,0.000835389,0.038836335,0.326861171,0.633467105,0,0.175224093,0.50792073,0.291027509,0.025827668,8.29E-05,0.415390058,0.538273176,0.0462539,0,0.001971047,0.374410468,0.592783788,0.030834697,0,0.00E+00,7.05E-05,0.009575895,0.193017231,0.797336388,0.029651432,0.493397843,0.476911997,3.87E-05,0,0.00E+00,0.025417248,0.310406415,0.546133582,0.118042755,0,0.100316598,0.522449946,0.34328438,0.033949075,0,0.003639162,0.104614886,0.461104119,0.430641833,0,0.008225571,0.1693796,0.534849148,0.287545681,1
0,0.216228177,0.63785455,0.145916454,8.19E-07,0,4.09E-07,0.000328898,0.04002704,0.959643653,0,4.44E-05,0.007794421,0.188458846,0.803702337,0,0.189545987,0.592330336,0.212084583,0.006039095,0.047959172,0.641090824,0.310523281,0.000426724,0,0.284438116,0.522395416,0.175665367,0,0,0.515881565,0.29381432,0.032766836,0,0,0.123137197,0.643166246,0.233630463,0,0.00E+00,0.000307485,0.296438509,0.663590662,0.039663343,0,0,0.034901278,0.35551609,0.497096733,0.112485899,0.184775507,0.615573379,0.196589511,0,0,3.39E-01,0.591164601,0.065211022,0,0,0.454898633,0.435406156,0.047968624,0,0,0.158284047,0.607996327,0.231947575,0,0,0.19150258,0.57036923,0.232762384,0,0,0.001138055,0.307722122,0.660651243,0.03048858,0,0.533868301,0.254475483,0.023282579,0,0,0.019088332,0.548024229,0.43052662,0.00236082,0,0.356305569,0.49726303,0.104809923,0,0,0.522062409,0.251723926,0.023149182,0,0,-1
0.295483184,0.555314117,0.138569471,0,0,0.062071147,0.527146162,0.410782333,3.58E-07,0.00E+00,0.021000204,0.406691492,0.566631428,0.005676876,0,0,0.094994878,0.490098613,0.371909831,0.042996678,0.081855105,0.661787636,0.256353457,3.80E-06,0,0.059555082,0.495680663,0.444760036,4.22E-06,0,0.525667596,0.228180759,0.020109572,0,0,0,0.102164692,0.51065445,0.35463498,3.25E-02,0,0.146141121,0.655471275,0.195131392,0.003256212,0.001451675,0.35536608,0.605258131,0.037924113,0,0,0.00229542,0.072782092,0.408542412,0.516380076,0,0.278186531,0.538962933,0.177186565,0.005663971,1.28E-05,0.399109582,0.547964113,0.052913541,0,0,0.050913952,0.421668792,0.453592477,0.07382478,0.133212728,0.573062182,0.292397617,0,0,0,0.05362777,0.482294221,0.414624791,0.049453218,0.04658246,0.528760215,0.421977342,0.002679982,0,0,0.01668378,0.226850962,0.508629808,0.247835449,0.026653633,0.516334636,0.456046494,0.000965237,0,0.516647337,0.28287098,0.029012193,0,0,-1
0.025317729,0.498039522,0.468890312,0.007752438,0.00E+00,2.13E-02,0.435584107,0.538251903,0.00483307,0,0.010316446,0.346756795,0.624368976,0.018557783,0,0.110987935,0.651553152,0.23743902,0,0,0.000675731,0.451156067,0.519139537,0.029028665,0,0,0.010452961,0.233948902,0.586125005,0.169473133,0.001061773,0.273517187,0.646717483,0.078703557,0,0.022560634,0.560960472,0.412273138,0.004205756,0,0.023197933,0.492534148,0.48405725,0.00021067,0,0,0.22489055,0.650175259,0.124881747,5.24E-05,0.138775389,0.005409629,4.08E-05,0,0,0.008615707,0.637934639,0.341540221,0.011909433,0,0.391474869,0.507581677,0.069223089,0,0,0.015986893,0.489758122,0.489027995,0.00522699,0,0.279101609,0.538006142,0.164120545,0,0,0.001508271,0.31777329,0.654136362,0.026582078,0,0,0.178121789,0.635734032,0.186128399,1.58E-05,0.299325091,0.032214092,0.000628584,0,0,5.84E-05,0.281684043,0.652421125,0.06583648,0,0,0.077824312,0.5162417,3.84E-01,0.022181032,-1
0.195129473,0.599019058,0.204449986,0,0,0,0,0,0,1.00E+00,0,0,0,0,1,0,0.035250074,0.318384613,0.494819411,0.151545902,0.397116626,0.493414439,0.067610766,0,0.00E+00,0.367544076,0.470332956,0.119990297,0,0,0.474998171,0.377321662,0.055522364,0,0,0.082953688,0.636613168,0.280426474,6.67E-06,0,0.000290996,0.295296054,0.664192636,0.040220313,0.00E+00,0.000374269,0.316405499,0.627518704,0.055701529,0,0,0.278696537,0.630796794,0.090497514,9.15E-06,9.01E-05,0.531820384,0.434130042,0.03395945,0,0.208526034,0.641387428,0.148413089,0,0,0.501838351,0.176533317,0.011523569,0,0.00E+00,0.495610072,0.293133364,0.035209857,0,0,0,0.210644311,0.694802632,0.094553055,2.39E-09,0.236344129,0.015979398,0.0002369,0,0,0,0.297675421,0.622379997,0.079921917,2.27E-05,0.197380559,0.590136895,0.206581414,0,0,0.477681097,0.371754145,0.051065427,0,0,1
0.007118574,0.405105555,0.558439369,0.029336502,0,0,0.006962808,0.171548545,0.547794807,0.273693839,0,2.03E-05,0.004665557,0.148944403,0.846369786,0,0.181803257,0.58812864,2.23E-01,0.007233593,0,0.102430818,0.490844033,0.362290795,0.044434355,0,0.099504403,0.636199182,0.264143396,0.000153019,0,2.97E-05,0.005158055,0.15093821,0.843873999,0,0.015205981,0.208892337,0.514681293,0.261220389,0.00528913,0.397554052,0.588790933,0.008365885,0,0.000157254,0.299666989,0.635167076,0.065008681,0,0,0.144972621,0.591058935,0.254361113,0.009607331,0,0.096247959,0.422221345,4.06E-01,0.075748761,0,0.245568044,0.588965083,0.162952785,0.002514087,0,0.166025662,0.628093143,0.203185264,0.002695931,0,0.087676737,0.579452619,0.322511024,0.010359619,0,0.13183957,0.654541121,0.210523063,0.003096246,0.004016459,0.344226221,0.601530498,0.050226822,0,3.47E-03,0.454861332,0.526474304,0.015198548,0,0,0.015743395,0.242551923,0.524565679,0.217139003,0,0.030742165,0.343581029,5.20E-01,0.105436503,1
0.51698716,0.162536297,0.009811063,0,0,4.52E-05,0.192331038,0.683240108,0.124383698,0,0.000228028,0.182073734,0.694838484,0.122859753,0,0,0,0,0,0,0.147305619,0.659620055,0.192660431,0,0,0,0.115972791,0.659052384,0.224974766,5.99E-08,0.015228298,0.422046097,0.547039758,0.015685846,0,0.067467758,0.628196288,0.30424002,9.59E-05,0,0.479250551,0.170063806,0.012250096,0,0,5.93E-05,0.286076479,0.640410388,0.073453801,0,0.101207284,0.623790616,0.274916282,0,0,0.393541706,0.5434392,0.051928086,0,0,0.001372468,0.47091283,0.499619885,0.028094817,0,0,0.141383464,0.607334069,0.245046185,0.006236282,0.057677887,0.532117668,0.410204399,0,0,0,0.202588919,0.694353906,0.103054291,2.88E-06,0,0.183638417,0.637850098,0.178508028,3.46E-06,0.017385135,0.542113763,0.437682655,0.002818447,0,1.71E-06,0.258074463,0.659451981,0.08247185,0,0,0.165843298,0.637330524,0.196409051,0.000417127,-1
0.00E+00,0.107477049,0.557754859,0.324791819,0.009976273,2.97E-08,0.163939507,0.675444244,0.160616219,0,0.002308439,0.254673732,0.68293255,0.060085278,0,0,0.322139048,0.596609064,0.081238155,1.37E-05,0,0.050300435,0.36671576,0.464979186,0.118004619,0.330672743,0.496630492,0.143514583,0,0.00E+00,0.263132232,0.557870212,0.170659031,0,0,0,0.01059998,0.170805935,0.503981105,0.31461298,0,0.045689842,0.436766009,0.442451321,0.075092828,0.147748324,0.607232165,0.243867148,0,0,2.24E-05,0.320705566,0.616677834,0.062594197,0,0,0.007263268,0.113442585,0.44684006,0.432454088,0,0.136474172,0.529842869,0.309387631,0.024295327,0,0.07381528,0.492582823,0.393251049,0.040350848,3.80E-05,0.212697003,0.685216232,0.102048795,0,0,0.003346176,0.109253062,0.467287251,0.420113512,0.020527139,0.457538275,0.508552921,0.013381666,0,0,4.51E-05,0.005810067,0.141673534,0.852471265,0.272979186,0.556769472,0.152896477,0,0,0.495317949,0.142624261,0.00829144,0,0,-1
0.034783322,0.524239728,0.436715125,0.004261825,0,0.124724753,0.565595627,0.309032499,0,0,0.227603135,0.546073515,0.217807013,0,0,0.093209761,0.64951426,0.257275979,0,0,0.515209252,0.305221624,0.023993593,0,0,0.461015242,0.370956714,0.064733714,0,0,0.041588238,0.508989975,0.447232829,0.002188958,0,1.99E-01,0.625306261,0.17303829,0,0,0.06636483,0.560558422,0.372923352,0,0,3.42E-02,0.540108663,0.424708593,0.001006123,0,0.079886589,0.61700865,0.30310281,0,0,0.074791177,0.721558813,0.202666978,0.000983032,0.00E+00,0.093951772,0.668035948,0.237997634,1.46E-05,0,0.251587314,0.576178301,0.161435989,0.00E+00,0,0.434283689,0.096298445,0.004751567,0,0,0.014503738,0.440701917,0.542934069,1.86E-03,0,0.005288124,3.60E-01,0.5915126,0.043419956,0,0.028243861,0.573052901,0.397809919,0.00089332,0,0.037519068,0.541255215,0.421045188,0.00018053,0.00E+00,0.127626953,0.595046501,0.277141587,0,0,-1
0.296362274,0.027734394,0.000538362,0,0,0.012535638,0.391834812,0.583371405,0.012258145,0,0.013650023,0.369208463,0.604467414,0.0126741,0,0.120146576,0.651481524,0.228309193,0,0,0.120311963,0.664515195,0.215109366,0,0,0.392993579,0.448774076,0.104561754,0,0,0.510026441,0.162813738,0.010901524,0,0,0.262235177,0.594037979,0.135831782,0,0.00E+00,3.70E-01,0.471204542,0.099799409,0,0,0.029958906,0.530266629,0.438223301,0.001551164,0,0.023629909,0.543861125,0.430183698,0.002325267,0,0.113748059,0.721109315,0.164907026,0.0002356,0,0.074458225,0.662264862,0.263135802,1.41E-04,0,0.074224126,0.594359117,0.331415763,0,0,0.330024708,0.506495273,0.13109572,0,0,0.348868257,0.486708732,0.11574905,0,0,0.344833733,0.518330587,0.11765922,0,0,0.153331826,0.630333911,0.214606853,0,0,0.441810813,0.403947265,0.061722251,0,0,0.365343644,0.497551578,0.10517027,0,0,1
0.066575667,0.574979284,0.358004761,0.000440288,0,0.46874932,0.36281462,0.056249166,0,0,0.492304401,0.310724861,0.043269091,0,0,0.00E+00,0.020301279,0.239785423,0.511162407,0.228750891,0,0.361886204,0.573385971,0.064723411,4.41E-06,2.24E-01,0.544427673,0.22405074,0,0,0.061398721,0.541983976,0.396257355,0.000359947,0,0,0.136795418,0.558783905,0.288849748,0.015570929,0.057452544,0.552572252,0.389914181,0,0,0.332822473,0.524002467,0.115650179,0,0,0,0.223821551,0.633052551,1.42E-01,0.000727279,0,0.072412782,0.376882634,0.443318069,0.107386515,0,0.03500648,0.30354653,0.496298703,0.165148288,0,0,0,0,1,0,0.07699514,0.55400689,0.353158728,0.015839242,0,0.075332341,0.552024297,0.347966656,0.024676705,0.0041896,0.346522269,0.600107409,0.049180722,0,0,0.000901337,0.039896783,0.324424861,0.634777018,0.020360665,0.496564341,0.480932319,2.14E-03,0,0.005709254,0.380343575,0.584440991,0.02950618,0,-1
0,0.097507667,0.540668315,3.48E-01,0.013880699,0,1.54E-05,0.003621421,0.127331577,0.869031585,0,0.000370241,0.030618508,0.338408783,0.630602468,0,0.140786787,0.555213653,0.286566461,0.017433098,0,0,0,0,1,0.001170463,0.215258119,0.694564399,0.089007019,0,0,0.001247678,0.056742426,0.412855805,0.529154091,0,0,0,0,1,0,0.206366167,0.685242021,0.108304376,8.74E-05,1.71E-07,0.256832379,0.64826869,0.09489876,0,0,0.058466878,0.429853913,0.438519189,0.073160019,0,0,0,0,1,0,0,0,0,1.00E+00,0,0.001124828,0.049157002,0.363102307,0.586615863,0,0.002548752,0.092904254,0.466349084,0.43819791,0.067962327,0.548928976,0.382951447,0,0,0,0.106857808,0.569096983,0.318428044,0.005617165,0,0,0,0,1,0,0.076688722,0.514956439,0.374430685,0.033924154,0,0.070780072,0.49798397,0.40332015,0.027915808,-1
0.000395868,0.288519833,0.62694161,0.084142689,0,0,0.084739609,0.578366565,0.329678475,7.22E-03,0,0.10947506,0.647423853,0.242969322,0.000131765,0,0.243106749,0.607668035,0.147844136,1.38E-03,0.521559205,0.199544262,0.010898766,0.00E+00,0,0,0.009482307,0.22170221,0.585885974,0.182929508,0.057458465,0.536635705,0.40536098,0.00054485,0,0,0.291321325,0.609923633,0.098713258,4.18E-05,2.14E-09,0.237554474,0.684782965,0.077662559,0,0,0,0,0,1,0.187668219,0.614651502,0.194414102,0,0,0.108108498,0.721985643,0.169610233,0.000295626,0,0.087307503,0.666650889,0.246004341,3.73E-05,0,0.458854552,0.11228663,0.005271926,0,0,0.262375142,0.546368438,0.175888412,0,0,0,0.073699932,0.547562733,0.352725766,2.60E-02,0.001343712,0.294956529,0.627131553,0.076568206,0,0.010121432,0.509323913,0.474376459,0.006178197,0,0.032201987,0.530219097,0.43713951,0.000439406,0,0.037836313,0.521455372,0.438697807,0.002010508,0,1
8.37E-02,0.589469194,0.326754064,6.89E-05,0,0,0,0,0,0,0,0,0,0,0,0,0.245054324,0.607829676,0.145821116,0.001294884,0.042038605,0.634319847,0.322949979,0.000691569,0,0.398715527,0.443485806,0.101162294,0,0,0,0.112568623,0.596097087,0.288433732,0.002900557,0.321591767,0.553996967,0.106554896,0,0,0,0.13768776,0.647161786,0.210660796,0.004489658,0.377868644,0.058714138,0.001820841,0,0,0.016598551,0.51993719,0.458966582,0.004497677,0,0.227083461,0.672083954,0.100803536,0,0,0.00E+00,0.365221552,0.565404379,0.06937147,2.60E-06,0.471231969,0.36981959,0.047801215,0,0,0.062186317,0.537349855,0.400462298,0,0,0.039145191,0.513502902,0.447351858,0,0.00E+00,0.171296968,0.594170153,0.234040065,0,0,0.065111444,0.620230844,0.314657713,0,0,0,0.095542562,0.557157976,0.327107625,0.020191837,0,0.166898634,0.637956818,0.19475937,0.000385178,1
0.187662601,0.600857885,0.210373593,0,0,0.036898458,0.483782621,0.478510208,0.000808712,0,0.115253219,0.545693613,0.338575783,0,0,0,0.10205568,0.502690809,0.357786722,0.03746679,0,0.340990619,0.582147332,0.076816505,4.55E-05,0,0,0,0,0,0,0,0,0,0,0.447200428,0.430150091,0.055024586,0,0,0.010300835,0.4370593,0.549466984,0.003172882,0,0.003947633,0.398207618,0.574459377,0.023385372,0,0,0.09254198,0.515677392,0.358390082,0.033390546,0.57780767,0.242597059,0.009841011,0,0,0,0,0,0,0,0.170495754,0.605852706,0.221202082,0,0,3.93E-05,0.213057215,0.685202158,0.1017013,0,0,0,0,0,0,9.29E-06,0.210169749,0.643495835,0.146325131,0,0.248474553,0.592340101,0.148228076,0,0,0,0,0,0,0,0,0,0,0,0,1
0,0.154678009,0.612245714,0.231593873,0.001482404,0.403754037,0.444910471,0.09193259,0,0,0.309701784,0.510795721,0.155378681,0,0,9.14E-05,0.383462658,0.567838153,0.048607789,0,0,0.326437317,0.587205807,0.086234629,0.000122246,0.00E+00,0.009730202,0.224892003,0.586035454,0.179342342,0.00E+00,0.075116201,0.522796196,0.386317868,0.015769734,0.000513066,0.392107736,0.564702134,4.27E-02,0,1.87E-05,0.259263963,0.679559155,0.061158179,0,0.502344139,0.173477759,0.011254578,0,0,0,0.126557376,0.570294391,0.287997041,0.015151192,0,0.393060133,0.514662001,0.091805149,0.000472717,0.050357976,0.645689281,0.303124589,0.000828153,0,0,0.250693671,0.648643107,0.100661304,1.92E-06,0,0.028455688,0.359664874,0.512888683,0.098990755,2.69E-02,0.486142839,0.486860331,0.000105858,0,0,0.083710565,0.525427335,0.376685415,0.014176686,0.006576376,0.485581006,0.498299675,0.009542943,0,0,0.042875807,0.402559518,0.467700517,0.086864157,0,0.148845569,0.625152232,0.224760763,0.001241436,1
0.011600452,0.437794874,0.530633934,0.01997074,0,0,0.080616625,0.568742165,0.341830793,0.008810417,0,0.04173488,0.461394905,0.466556466,0.030313748,0.001509986,0.443106168,0.527685431,0.027698415,0,0,0.186437279,0.578274525,0.225827799,0.009460397,0,0.07279045,0.579583072,0.34443996,0.003186518,0,0.021726121,0.298013465,0.551844453,0.128415961,0,0.098224948,0.503732397,0.362709755,0.0353329,0.034065769,0.519448222,0.446485253,7.55E-07,0,0,0.252038773,0.649042025,0.098919202,4.09E-12,0,0.123429139,5.66E-01,0.29402008,0.016328945,0,0.257462455,0.537651739,0.19698272,0.007903087,9.97E-06,0.397639212,0.548799785,0.05355103,0,0,0.076662593,0.499851858,0.386007605,0.037477944,0,0.139669094,0.657025881,0.202653358,0.000651667,0,0.033728146,0.391008954,0.479374729,0.095888171,0,0.089956772,0.538688649,0.360172002,1.12E-02,0,0.108548274,0.53645204,0.326406658,0.028593028,0.00E+00,0.071398796,0.500958913,0.388462399,0.039179892,0,0.164299745,0.636388318,0.1988447,0.000467237,-1
0.418166953,0.458761647,0.078104686,0,0,0.357021398,0.48643563,0.118489549,0,0,0.222727196,0.547375776,0.221999848,0,0,0.4437205,0.090225921,0.002989915,0,0,0,0.138373467,0.53979283,0.298418036,0.023415667,0.017016231,0.378521602,0.594194403,0.010267764,0,0,0.036911391,0.387047535,0.50773934,0.068301735,0,0.305868605,0.606138948,0.087985703,6.74E-06,0.157077056,0.584135337,0.254119593,0,0,3.09E-02,0.532658607,0.435004106,0.001406892,0,1.42E-05,0.317312942,0.618148204,0.064524613,0,0,0.324930254,0.53491706,0.137714675,0.002438011,0.076416214,0.663095614,0.260369898,0.000118275,0,0.008572377,0.448466892,0.531441631,0.0115191,0,0,0.078477718,0.557793326,0.348776313,0.014952643,0.289447537,0.529343148,0.153558897,0,0,0,0.000537752,0.032030844,0.333378722,0.634052682,0.000251738,0.377656868,0.584544838,0.037546556,0,0,0.107091601,0.578062171,0.300302644,0.014543584,7.92E-05,0.247165609,0.650830654,0.101924538,0,1
3.33E-06,0.235124319,0.63834595,0.126526403,0,0,0.078969135,0.564716265,0.346789196,0.009525404,0,0.031617139,0.406876631,0.509763594,0.051742636,0.343815348,0.539198415,0.093157892,0,0,0.040437899,0.63224935,0.326529053,0.000783698,0,0,0.113068837,0.655576364,0.23135294,1.86E-06,0.008336974,0.376937194,0.586232787,0.028493045,0,0.031699935,0.583524185,0.382582994,0.002192887,0,0.187637293,0.579037983,0.225345199,0,0,0,0.080017455,0.510191088,0.377658786,0.03213267,0.137916358,0.625294515,0.236023147,0,0,0.007773036,0.63376713,0.345893944,0.01256589,0,0.529157094,0.292263313,0.02110441,0.00E+00,0,0.493629916,0.324050721,0.036213913,0,0,0.003673205,0.331813193,0.636026312,0.02848729,0,0.270836258,0.539946956,0.166461579,0,0,0.066650174,0.558106351,0.374593306,0.000650169,0,0.335298825,0.531828142,0.102408172,0,0,0.039421377,0.544763,0.415690711,0.000124912,0,0.011275042,0.424973025,0.546971063,0.016780871,0,1
0,0.001844184,0.066738512,0.424015295,0.50740201,6.65E-05,0.196827355,0.683661231,0.119444917,0,0,0.048416118,0.491528136,0.438829239,0.021226507,0,0,0,0,1,0,0.300483622,0.593917574,0.105168172,0.000430633,0,0.091495395,0.622061309,0.285939029,0.000504267,5.46E-05,0.211689174,0.658046794,0.13020943,0,0.002215321,0.436595056,0.533440622,0.027749,0,0,0.000164166,0.015904148,0.226740578,0.757191108,0,0.062737723,0.463396322,0.422781439,0.051084515,0.226439166,0.59930439,0.167423401,0,0,0.000753222,0.563582063,4.10E-01,0.026019735,0,0.194017355,0.648057419,0.156853884,0,0,0.346425883,0.513426413,0.107359496,0,0,0.005064338,0.349629707,0.622874868,0.022431086,0,5.53E-04,0.286058133,0.673124358,0.040264931,0,0.389272325,0.483408884,0.095509922,0,0,0.019001597,0.547735134,0.430881077,0.002382193,0,0,0.157638813,0.637690498,0.201919531,0.002751158,0,0.207776881,0.652168295,0.140054808,1.59E-08,1
,,,,,,,,,,,,,,,,,,,,,,,,,,,,,,,,,,,,,,,,,,,,,,,,,,,,,,,,,,,,,,,,,,,,,,,,,,,,,,,,,,,,,,,,,,,,,,,,,,,,
,,,,,,,,,,,,,,,,,,,,,,,,,,,,,,,,,,,,,,,,,,,,,,,,,,,,,,,,,,,,,,,,,,,,,,,,,,,,,,,,,,,,,,,,,,,,,,,,,,,,
